Investor Name,Tier,Investment Focus,Contact Email,Contact Name,Email Sent Date,Email Status,Response Received,Response Date,Meeting Scheduled,Meeting Date,Meeting Time,Investor Type Confirmed,Mission Aligned Score,Red Flags Found,Current Status,Notes,Follow-up Date,Follow-up Done
Omidyar Network,1,Impact Investing,contact@omidyar.com,[Research],PENDING,DRAFT,No,,No,,,No,0,None,QUEUE,"Start with this. Founded by eBay founder, strong mission focus.",,"
Founders' Pledge,1,Founder-Led Impact,hello@founderspledge.com,[Research],PENDING,DRAFT,No,,No,,,No,0,None,QUEUE,"Founders giving to social causes. Perfect fit.",,"
Anterra Capital,1,Social Enterprises,info@anterracapital.com,[Research],PENDING,DRAFT,No,,No,,,No,0,None,QUEUE,"Multiple social platform investments.",,"
Khosla Impact,1,Impact Ventures,impact@khosla.com,[Research],PENDING,DRAFT,No,,No,,,No,0,None,QUEUE,"Vinod Khosla's impact fund. Founder-led.",,"
Local Ventures,1,Community Impact,hello@localventures.com,[Research],PENDING,DRAFT,No,,No,,,No,0,None,QUEUE,"Explicitly community-first and founder-friendly.",,"
Echoing Green,1,Social Entrepreneurs,fellowship@echoinggreen.org,[Research],PENDING,DRAFT,No,,No,,,No,0,None,QUEUE,"40-year history backing mission founders.",,"
Indie VC,2,Founder Autonomy,hello@indievc.com,[Research],PENDING,DRAFT,No,,No,,,No,0,None,QUEUE,"Anti-control, pro-founder. Excellent fit.",,"
Stripe Atlas,2,Vetted Startups,atlas@stripe.com,[Research],PENDING,DRAFT,No,,No,,,No,0,None,QUEUE,"Recommends founder-friendly investors.",,"
[Creator Fund],3,Creator Economy,TBD,[Research],PENDING,DRAFT,No,,No,,,No,0,None,TODO,"Search for creators fund in your region.",,"
[Wealthy Nigerian Founder 1],3,Individual Angel,TBD,[Research],PENDING,DRAFT,No,,No,,,No,0,None,TODO,"Research successful Nigerian founders.",,"
[Wealthy Nigerian Founder 2],3,Individual Angel,TBD,[Research],PENDING,DRAFT,No,,No,,,No,0,None,TODO,"Research successful Nigerian founders.",,"
[Impact Angel 1],3,Individual Angel,TBD,[Research],PENDING,DRAFT,No,,No,,,No,0,None,TODO,"Find impact-focused angels on LinkedIn.",,"
[Impact Angel 2],3,Individual Angel,TBD,[Research],PENDING,DRAFT,No,,No,,,No,0,None,TODO,"Find impact-focused angels on LinkedIn.",,"
[NGO Fund 1],4,NGO Innovation,TBD,[Research],PENDING,DRAFT,No,,No,,,No,0,None,TODO,"Research NGO innovation funds.",,"
[University Lab 1],4,University Innovation,TBD,[Research],PENDING,DRAFT,No,,No,,,No,0,None,TODO,"MIT D-Lab, Stanford Social Entrepreneurship.",,"
[Development Finance],4,Development Finance,TBD,[Research],PENDING,DRAFT,No,,No,,,No,0,None,TODO,"IFC, USAID, UK Aid (Global South focus).",,"